{"train_loss": [1.578267782974243, 1.1827016929626464, 1.0316006257247925, 0.9402394594955444, 0.8829293912124634, 0.8356067037963867, 0.7949816282272338, 0.7641398963928223, 0.7406874185752869, 0.7098447388076782, 0.6880031457138062, 0.6739868232536316, 0.6539903918647766, 0.6365536425971985, 0.6203752247238159, 0.6020900171089172, 0.5886980299377441, 0.5803135506629944, 0.5671903914117813, 0.5518489635848999, 0.5429955999183654, 0.5300904161453247, 0.5210543753910065, 0.5147526626586914, 0.5053759757804871, 0.49142593531131745, 0.4801864056253433, 0.4719462398815155, 0.4638898373222351, 0.458113882598877, 0.4420595842266083, 0.44556783483505247, 0.43617456882476807, 0.42147349956274033, 0.4174365027141571, 0.4067661812782288, 0.4055196082496643, 0.39272763086080553, 0.38237760628700257, 0.3770426310992241, 0.37466436892032623, 0.3633063665008545, 0.3596706969642639, 0.3518717493629456, 0.34149743551015854, 0.3377188539361954, 0.3376913177406788, 0.32803224484443666, 0.3206144760787487, 0.31540496761322023, 0.3118657744646072, 0.30229238715171813, 0.3027583649921417, 0.29437188755989074, 0.28865566470861437, 0.2818756827092171, 0.27622792031288146, 0.2686468048167229, 0.2677627899837494, 0.2618376001501083, 0.2552624843740463, 0.24924820172786713, 0.24428971804618835, 0.2403582139968872, 0.23450599399089814, 0.23302301671981812, 0.22878734590291977, 0.22386574110269547, 0.21976247673273086, 0.2147090501332283, 0.21257091313838958, 0.20512205112576484, 0.2036286879634857, 0.2004363850569725, 0.19566729855448006, 0.19432903020441533, 0.19182605103731154, 0.18675022797584534, 0.18636522800683974, 0.18218297258377075, 0.1794673456516862, 0.17879216467857362, 0.1731598748409748, 0.17190859279870987, 0.17378925379633903, 0.168709394287467, 0.163597426520288, 0.16694027248382567, 0.16765692077755928, 0.16444260075390338, 0.1617078116875887, 0.16317768016636372, 0.16097965440511702, 0.15947219899654388, 0.15975470952749252, 0.15975510701537132, 0.15704949002742769, 0.15926356698274613, 0.15713316532492638, 0.15521252938598395], "test_loss": [1.5626774612002903, 1.3596701984405517, 1.1943974685668945, 0.9704472676383125, 0.9638837046093411, 0.9836583501497904, 0.9434147309197319, 0.8543258856667413, 0.8492294607162476, 0.809950987762875, 0.8635296351114908, 0.8039674721823798, 0.7715099441740247, 0.7536170185407003, 0.7695801634258694, 0.745943916214837, 0.8074187463124594, 0.7524512373076545, 0.6782748301294115, 0.7355013344552782, 0.699833308590783, 0.711534818119473, 0.6984321033424802, 0.7049764105478923, 0.72800332959493, 0.6786299459139506, 0.729075040075514, 0.6663519175317553, 0.7141149297290378, 0.6976101937823825, 0.6904344473150041, 0.7020404638449351, 0.7069136171340943, 0.7040021509064568, 0.668923972023858, 0.6758030320273505, 0.6698406897650825, 0.6793116355207232, 0.6721043701171875, 0.6629964535501268, 0.6637350993686252, 0.6630458877881368, 0.6971099621454875, 0.6674418593512641, 0.6699403724140591, 0.6699718117713929, 0.666832330915663, 0.6688726781739129, 0.6855550865597195, 0.6612281397713555, 0.6636583529048495, 0.6661164661513435, 0.6544000295003255, 0.6928751029968262, 0.6608178511460622, 0.6893071122699314, 0.6808823062578837, 0.6540298594898648, 0.6651708093219333, 0.6620916348033481, 0.6820438176261054, 0.6825801101790534, 0.6629715972476535, 0.6856484608650207, 0.6705684026082357, 0.6650922587182787, 0.6932023074097103, 0.6678863028155433, 0.6516708188586765, 0.6746877053578695, 0.6688636247846815, 0.6703947525024414, 0.6816690824826559, 0.6674666961034139, 0.6605977347691854, 0.6817863060633341, 0.6494381056759092, 0.6877453193664551, 0.6687279031011794, 0.6845431954065959, 0.6897704589102003, 0.6647141362826029, 0.6775227415031857, 0.691051194190979, 0.6763317793740167, 0.6701140473683675, 0.6846228991614448, 0.6977509428130256, 0.6780163044929505, 0.681859357410007, 0.6803851333194308, 0.6714283645417956, 0.7023415963782205, 0.6795646554099188, 0.6999865289794074, 0.6708862319522434, 0.6892621194256676, 0.7044091742303636, 0.6805508070521884, 0.6853998294406467], "train_error": [0.57682, 0.41834000000000005, 0.36514, 0.3277, 0.30964, 0.29088, 0.2753, 0.26537999999999995, 0.25770000000000004, 0.24817999999999996, 0.24009999999999998, 0.23424, 0.22726000000000002, 0.22085999999999995, 0.21602, 0.20808000000000004, 0.20196000000000003, 0.20301999999999998, 0.19862000000000002, 0.19110000000000005, 0.1886, 0.18411999999999995, 0.17954000000000003, 0.17976000000000003, 0.17603999999999997, 0.17118, 0.16696, 0.16349999999999998, 0.16100000000000003, 0.16132000000000002, 0.15246000000000004, 0.15449999999999997, 0.15164, 0.14802000000000004, 0.14476, 0.1421, 0.14080000000000004, 0.13748000000000005, 0.13341999999999998, 0.13026000000000004, 0.13004000000000004, 0.12573999999999996, 0.12444, 0.12248000000000003, 0.11928000000000005, 0.11794000000000004, 0.11741999999999997, 0.11495999999999995, 0.11085999999999996, 0.10904000000000003, 0.10894000000000004, 0.10521999999999998, 0.10572000000000004, 0.10294000000000003, 0.09821999999999997, 0.09772000000000003, 0.09741999999999995, 0.09338000000000002, 0.09340000000000004, 0.09201999999999999, 0.08918000000000004, 0.08796000000000004, 0.08587999999999996, 0.08264000000000005, 0.08179999999999998, 0.07977999999999996, 0.07855999999999996, 0.07767999999999997, 0.07609999999999995, 0.07550000000000001, 0.07330000000000003, 0.07099999999999995, 0.07145999999999997, 0.07001999999999997, 0.06803999999999999, 0.06710000000000005, 0.06525999999999998, 0.06520000000000004, 0.06508000000000003, 0.06306, 0.06296000000000002, 0.062000000000000055, 0.05822000000000005, 0.05896000000000001, 0.05925999999999998, 0.057479999999999976, 0.056339999999999946, 0.05728, 0.057459999999999956, 0.05601999999999996, 0.05467999999999995, 0.05591999999999997, 0.055400000000000005, 0.05410000000000004, 0.05484, 0.05452000000000001, 0.053100000000000036, 0.054180000000000006, 0.054320000000000035, 0.05266000000000004],